dataset,N,F0,F1,F2,skew
uniform,1000000,10000,1000000,100987506,0.00010099
zipf_1_1,1000000,9997,1000000,34016622264,0.03401662
zipf_1_3,1000000,9547,1000000,94042924048,0.09404292
mixture,1000000,10000,1000000,5015827892,0.00501583
kosarak,1000000,25343,1000000,12806120190,0.01280612
retail,908576,16470,908576,5364936090,0.00649893
